{
    "Barcode": [],
    "Classifier": [],
    "Detector": [],
    "Fiducial": [
        {
            "ambig": 0.39173792954073844,
            "fID": 4,
            "fam": "36H11C",
            "pts": [],
            "skew": [],
            "t6c_ts": [
                0.19342367644630776,
                1.0350156213775115,
                -1.8343659367386993,
                -18.779338146324996,
                5.6547549230165535,
                -176.26385488852148
            ],
            "t6r_fs": [
                0.8863947741389757,
                -0.24922076951098557,
                -0.13531443660228204,
                0.09919420212987064,
                -1.5760191125350445,
                4.408548360261727
            ],
            "t6r_fs_orb": [
                0.8436846311837435,
                -0.4374847820699215,
                6.9618225628786945e-09,
                0.0,
                0.0,
                8.933241245477872
            ],
            "t6r_ts": [
                0.24936122871343236,
                1.259264436602282,
                -2.1549694950098277,
                1.5683655951599167,
                -4.411424089182216,
                0.09952548513691176
            ],
            "t6t_cs": [
                0.07844133100959579,
                0.3699864368654142,
                2.0809914557964446,
                -19.157944360414422,
                4.135365289561726,
                174.62984669486536
            ],
            "t6t_rs": [
                -0.0850474570455543,
                -1.1990220780899727,
                2.201575532041776,
                -1.580693985956494,
                4.407029426235993,
                -0.2207614345748958
            ],
            "ta": 0.0029357983730733395,
            "tx": 1.683320273246025,
            "tx_nocross": 2.15869533371729,
            "txp": 661.2009887695313,
            "ty": -11.39007329316479,
            "ty_nocross": -10.081462256322297,
            "typ": 547.1972045898438
        }
    ],
    "PythonOut": [],
    "Retro": [],
    "botorient": {
        "alpha": 0.001,
        "imumode": 0,
        "interpbotyaw": 8.933248461423453
    },
    "botpose": [
        0.8863947741389757,
        -0.24922076951098557,
        -0.13531443660228204,
        0.09919420212987064,
        -1.5760191125350445,
        4.408548360261727
    ],
    "botpose_avgarea": 0.29357983730733395,
    "botpose_avgdist": 2.1150811911065563,
    "botpose_orb": [
        0.8436846311837435,
        -0.4374847820699215,
        6.9618225628786945e-09,
        0.0,
        0.0,
        8.933241245477872
    ],
    "botpose_orb_wpiblue": [
        9.114184631183742,
        3.597015217930079,
        6.9618225628786945e-09,
        0.0,
        0.0,
        8.933241245477872
    ],
    "botpose_orb_wpired": [
        7.426816529721376,
        4.471987020862784,
        6.9618225628786945e-09,
        0.0,
        0.0,
        -171.06691079401355
    ],
    "botpose_span": 0.0,
    "botpose_tagcount": 1,
    "botpose_wpiblue": [
        9.156894774138976,
        3.785279230489015,
        -0.13531443660228204,
        0.09919420212987064,
        -1.5760191125350445,
        4.408548360261727
    ],
    "botpose_wpired": [
        7.384105887190696,
        4.283723121639045,
        -0.13531443660228204,
        0.09919420212987064,
        -1.5760191125350445,
        -175.59160367922829
    ],
    "cl": 8.452573776245117,
    "fidx": 17541,
    "focus_metric": 0.0,
    "hw": {
        "cid": "9281",
        "cpu": 72.54901885986328,
        "dfree": 1809,
        "dtot": 2393,
        "hailo": {
            "power": 0.0,
            "present": 0,
            "temp": 0.0,
            "throttle": 0,
            "type": ""
        },
        "ram": 64.33744812011719,
        "temp": 54.0
    },
    "hwtype": 6,
    "ignorent": 0,
    "imgsrc": 0,
    "imu": {
        "data": [
            -136.14565988071737,
            -2.773403511446006,
            199.66954589409386,
            -136.14565988071737,
            8.539999961853027,
            -36.959999084472656,
            -11.899999618530273,
            0.6971080303192139,
            -0.28987202048301697,
            0.26547202467918396
        ],
        "quat": [
            0.19665525160289343,
            -0.31811521746148497,
            0.7529295987965273,
            -0.5415038685850131
        ],
        "yaw": -136.14565988071737
    },
    "ntconnected": 1,
    "pID": 0.0,
    "pTYPE": "pipe_fiducial",
    "rewind": {
        "bufferUsage": 0.5999996662139893,
        "enabled": 1,
        "flushing": 0,
        "frameCount": 17541,
        "latpen": 1559,
        "storedSeconds": 700.274937583
    },
    "stdev_mt1": [
        0.6649110413622806,
        0.5660149594588856,
        0.9625418782217418,
        3.7712524056261194,
        20.219973620156424,
        15.348178992913523
    ],
    "stdev_mt2": [
        0.6515798081889589,
        0.22898907712638047,
        0.0,
        0.0,
        0.0,
        0.0
    ],
    "t6c_rs": [
        0.33,
        -0.0315,
        0.2152,
        3.83,
        162.47,
        -180.0
    ],
    "ta": 0.293329288251698,
    "tl": 36.3603515625,
    "ts": 713015.8284069999,
    "ts_nt": 677301953,
    "ts_sys": 1716847225108749,
    "ts_us": 707712352,
    "tx": 1.683320273246025,
    "txnc": 2.15869533371729,
    "ty": -11.39007329316479,
    "tync": -10.081462256322297,
    "uirefresh": 0,
    "v": 1
}